-- phpMyAdmin SQL Dump
-- version 5.0.2
-- https://www.phpmyadmin.net/
--
-- Servidor: 127.0.0.1
-- Tiempo de generación: 02-08-2020 a las 03:13:30
-- Versión del servidor: 10.4.11-MariaDB
-- Versión de PHP: 7.4.5

SET SQL_MODE = "NO_AUTO_VALUE_ON_ZERO";
START TRANSACTION;
SET time_zone = "+00:00";


/*!40101 SET @OLD_CHARACTER_SET_CLIENT=@@CHARACTER_SET_CLIENT */;
/*!40101 SET @OLD_CHARACTER_SET_RESULTS=@@CHARACTER_SET_RESULTS */;
/*!40101 SET @OLD_COLLATION_CONNECTION=@@COLLATION_CONNECTION */;
/*!40101 SET NAMES utf8mb4 */;

--
-- Base de datos: `pos`
--

-- --------------------------------------------------------

--
-- Estructura de tabla para la tabla `categorias`
--

CREATE TABLE `categorias` (
  `id` int(11) NOT NULL,
  `categoria` text NOT NULL,
  `fecha` timestamp NOT NULL DEFAULT current_timestamp() ON UPDATE current_timestamp()
) ENGINE=InnoDB DEFAULT CHARSET=utf8mb4;

--
-- Volcado de datos para la tabla `categorias`
--

INSERT INTO `categorias` (`id`, `categoria`, `fecha`) VALUES
(1, 'Equipos Electromecánicos', '2020-03-05 02:53:29'),
(2, 'Taladros', '2020-03-13 02:53:29'),
(3, 'Andamios', '2020-02-07 02:53:29'),
(4, 'Generadores de energía', '2018-05-05 01:53:29'),
(5, 'esd', '2020-08-02 00:49:36'),
(6, 'Martillos mecánicos', '2017-12-22 05:06:40'),
(7, 'canelo', '2020-08-02 00:49:20');

-- --------------------------------------------------------

--
-- Estructura de tabla para la tabla `productos`
--

CREATE TABLE `productos` (
  `id` int(11) NOT NULL,
  `id_categoria` int(11) NOT NULL,
  `codigo` text NOT NULL,
  `descripcion` text NOT NULL,
  `imagen` text NOT NULL,
  `stock` int(11) NOT NULL,
  `precio_compra` float NOT NULL,
  `precio_venta` float NOT NULL,
  `ventas` int(11) NOT NULL,
  `fecha` timestamp NOT NULL DEFAULT current_timestamp() ON UPDATE current_timestamp()
) ENGINE=InnoDB DEFAULT CHARSET=utf8mb4;

--
-- Volcado de datos para la tabla `productos`
--

INSERT INTO `productos` (`id`, `id_categoria`, `codigo`, `descripcion`, `imagen`, `stock`, `precio_compra`, `precio_venta`, `ventas`, `fecha`) VALUES
(1, 1, '101', 'Aspiradora Industrial ', 'vistas/img/productos/101/105.png', 15, 1000, 1200, 0, '2017-12-22 22:32:49'),
(2, 1, '102', 'Plato Flotante para Allanadora', 'vistas/img/productos/102/940.jpg', 2, 4500, 6300, 0, '2020-07-20 01:31:38'),
(3, 1, '103', 'Compresor de Aire para pintura', 'vistas/img/productos/103/763.jpg', 20, 3000, 4200, 0, '2017-12-22 22:33:31'),
(4, 1, '104', 'Cortadora de Adobe sin Disco ', 'vistas/img/productos/104/957.jpg', 20, 4000, 5600, 0, '2017-12-22 22:33:52'),
(5, 1, '105', 'Cortadora de Piso sin Disco ', 'vistas/img/productos/105/630.jpg', 20, 1540, 2156, 0, '2017-12-22 22:34:08'),
(6, 1, '106', 'Disco Punta Diamante ', 'vistas/img/productos/106/635.jpg', 20, 1100, 1540, 0, '2017-12-22 22:34:20'),
(7, 1, '107', 'Extractor de Aire ', 'vistas/img/productos/107/848.jpg', 20, 1540, 2156, 0, '2017-12-22 22:34:33'),
(8, 1, '108', 'Guadañadora ', 'vistas/img/productos/108/163.jpg', 20, 1540, 2156, 0, '2017-12-22 22:34:44'),
(9, 1, '109', 'Hidrolavadora Eléctrica ', 'vistas/img/productos/109/769.jpg', 20, 2600, 3640, 0, '2017-12-22 22:35:08'),
(10, 1, '110', 'Hidrolavadora Gasolina', 'vistas/img/productos/110/582.jpg', 20, 2210, 3094, 0, '2017-12-22 22:35:19'),
(11, 1, '111', 'Motobomba a Gasolina', 'vistas/img/productos/default/anonymous.png', 20, 2860, 4004, 0, '2017-12-22 03:56:28'),
(12, 1, '112', 'Motobomba El?ctrica', 'vistas/img/productos/default/anonymous.png', 20, 2400, 3360, 0, '2017-12-22 03:56:28'),
(13, 1, '113', 'Sierra Circular ', 'vistas/img/productos/default/anonymous.png', 20, 1100, 1540, 0, '2017-12-22 03:56:28'),
(14, 1, '114', 'Disco de tugsteno para Sierra circular', 'vistas/img/productos/default/anonymous.png', 20, 4500, 6300, 0, '2017-12-22 03:56:28'),
(15, 1, '115', 'Soldador Electrico ', 'vistas/img/productos/default/anonymous.png', 20, 1980, 2772, 0, '2017-12-22 03:56:28'),
(16, 1, '116', 'Careta para Soldador', 'vistas/img/productos/default/anonymous.png', 20, 4200, 5880, 0, '2017-12-22 03:56:28'),
(17, 1, '117', 'Torre de iluminacion ', 'vistas/img/productos/default/anonymous.png', 20, 1800, 2520, 0, '2017-12-22 03:56:28'),
(18, 2, '201', 'Martillo Demoledor de Piso 110V', 'vistas/img/productos/default/anonymous.png', 20, 5600, 7840, 0, '2017-12-22 03:56:28'),
(19, 2, '202', 'Muela o cincel martillo demoledor piso', 'vistas/img/productos/default/anonymous.png', 20, 9600, 13440, 0, '2017-12-22 03:56:28'),
(20, 2, '203', 'Taladro Demoledor de muro 110V', 'vistas/img/productos/default/anonymous.png', 20, 3850, 5390, 0, '2017-12-22 03:56:28'),
(21, 2, '204', 'Muela o cincel martillo demoledor muro', 'vistas/img/productos/default/anonymous.png', 20, 9600, 13440, 0, '2017-12-22 03:56:28'),
(22, 2, '205', 'Taladro Percutor de 1/2 Madera y Metal', 'vistas/img/productos/default/anonymous.png', 20, 8000, 11200, 0, '2017-12-22 04:28:24'),
(23, 2, '206', 'Taladro Percutor SDS Plus 110V', 'vistas/img/productos/default/anonymous.png', 20, 3900, 5460, 0, '2017-12-22 03:56:28'),
(24, 2, '207', 'Taladro Percutor SDS Max 110V (Mineria)', 'vistas/img/productos/default/anonymous.png', 20, 4600, 6440, 0, '2017-12-22 03:56:28'),
(25, 3, '301', 'Andamio colgante', 'vistas/img/productos/default/anonymous.png', 20, 1440, 2016, 0, '2017-12-22 03:56:28'),
(26, 3, '302', 'Distanciador andamio colgante', 'vistas/img/productos/default/anonymous.png', 20, 1600, 2240, 0, '2017-12-22 03:56:28'),
(27, 3, '303', 'Marco andamio modular ', 'vistas/img/productos/default/anonymous.png', 20, 900, 1260, 0, '2017-12-22 03:56:28'),
(28, 3, '304', 'Marco andamio tijera', 'vistas/img/productos/default/anonymous.png', 20, 100, 140, 0, '2017-12-22 03:56:28'),
(29, 3, '305', 'Tijera para andamio', 'vistas/img/productos/default/anonymous.png', 20, 162, 226, 0, '2017-12-22 03:56:28'),
(30, 3, '306', 'Escalera interna para andamio', 'vistas/img/productos/default/anonymous.png', 20, 270, 378, 0, '2017-12-22 03:56:28'),
(31, 3, '307', 'Pasamanos de seguridad', 'vistas/img/productos/default/anonymous.png', 20, 75, 105, 0, '2017-12-22 03:56:28'),
(32, 3, '308', 'Rueda giratoria para andamio', 'vistas/img/productos/default/anonymous.png', 20, 168, 235, 0, '2017-12-22 03:56:28'),
(33, 3, '309', 'Arnes de seguridad', 'vistas/img/productos/default/anonymous.png', 20, 1750, 2450, 0, '2017-12-22 03:56:28'),
(34, 3, '310', 'Eslinga para arnes', 'vistas/img/productos/default/anonymous.png', 20, 175, 245, 0, '2017-12-22 03:56:28'),
(35, 3, '311', 'Plataforma Met?lica', 'vistas/img/productos/default/anonymous.png', 20, 420, 588, 0, '2017-12-22 03:56:28'),
(36, 4, '401', 'Planta Electrica Diesel 6 Kva', 'vistas/img/productos/default/anonymous.png', 20, 3500, 4900, 0, '2017-12-22 03:56:28'),
(37, 4, '402', 'Planta Electrica Diesel 10 Kva', 'vistas/img/productos/default/anonymous.png', 20, 3550, 4970, 0, '2017-12-22 03:56:28'),
(38, 4, '403', 'Planta Electrica Diesel 20 Kva', 'vistas/img/productos/default/anonymous.png', 20, 3600, 5040, 0, '2017-12-22 03:56:28'),
(39, 4, '404', 'Planta Electrica Diesel 30 Kva', 'vistas/img/productos/default/anonymous.png', 20, 3650, 5110, 0, '2017-12-22 03:56:28'),
(40, 4, '405', 'Planta Electrica Diesel 60 Kva', 'vistas/img/productos/default/anonymous.png', 20, 3700, 5180, 0, '2017-12-22 03:56:28'),
(41, 4, '406', 'Planta Electrica Diesel 75 Kva', 'vistas/img/productos/default/anonymous.png', 20, 3750, 5250, 0, '2017-12-22 03:56:28'),
(42, 4, '407', 'Planta Electrica Diesel 100 Kva', 'vistas/img/productos/default/anonymous.png', 20, 3800, 5320, 0, '2017-12-22 03:56:28'),
(43, 4, '408', 'Planta Electrica Diesel 120 Kva', 'vistas/img/productos/default/anonymous.png', 20, 3850, 5390, 0, '2017-12-22 03:56:28'),
(44, 5, '501', 'Escalera de Tijera Aluminio ', 'vistas/img/productos/default/anonymous.png', 20, 350, 490, 0, '2017-12-22 03:56:28'),
(45, 5, '502', 'Extension Electrica ', 'vistas/img/productos/default/anonymous.png', 20, 370, 518, 0, '2017-12-22 03:56:28'),
(46, 5, '503', 'Gato tensor', 'vistas/img/productos/default/anonymous.png', 20, 380, 532, 0, '2017-12-22 03:56:28'),
(47, 5, '504', 'Lamina Cubre Brecha ', 'vistas/img/productos/default/anonymous.png', 20, 380, 532, 0, '2017-12-22 03:56:28'),
(48, 5, '505', 'Llave de Tubo', 'vistas/img/productos/default/anonymous.png', 20, 480, 672, 0, '2017-12-22 03:56:28'),
(49, 5, '506', 'Manila por Metro', 'vistas/img/productos/default/anonymous.png', 20, 600, 840, 0, '2017-12-22 03:56:28'),
(50, 5, '507', 'Polea 2 canales', 'vistas/img/productos/default/anonymous.png', 20, 900, 1260, 0, '2017-12-22 03:56:28'),
(51, 5, '508', 'Tensor', 'vistas/img/productos/default/anonymous.png', 20, 100, 140, 0, '2017-12-22 03:56:28'),
(52, 5, '509', 'Bascula ', 'vistas/img/productos/default/anonymous.png', 20, 130, 182, 0, '2017-12-22 03:56:28'),
(53, 5, '510', 'Bomba Hidrostatica', 'vistas/img/productos/default/anonymous.png', 20, 770, 1078, 0, '2017-12-22 03:56:28'),
(54, 5, '511', 'Chapeta', 'vistas/img/productos/default/anonymous.png', 20, 660, 924, 0, '2017-12-22 03:56:28'),
(55, 5, '512', 'Cilindro muestra de concreto', 'vistas/img/productos/default/anonymous.png', 20, 400, 560, 0, '2017-12-22 03:56:28'),
(56, 5, '513', 'Cizalla de Palanca', 'vistas/img/productos/default/anonymous.png', 20, 450, 630, 0, '2017-12-22 03:56:28'),
(57, 5, '514', 'Cizalla de Tijera', 'vistas/img/productos/default/anonymous.png', 20, 580, 812, 0, '2017-12-22 03:56:28'),
(58, 5, '515', 'Coche llanta neumatica', 'vistas/img/productos/default/anonymous.png', 20, 420, 588, 0, '2017-12-22 03:56:28'),
(59, 5, '516', 'Cono slump', 'vistas/img/productos/default/anonymous.png', 20, 140, 196, 0, '2017-12-22 03:56:28'),
(60, 5, '517', 'Cortadora de Baldosin', 'vistas/img/productos/default/anonymous.png', 20, 930, 1302, 0, '2017-12-22 03:56:28');

-- --------------------------------------------------------

--
-- Estructura de tabla para la tabla `usuarios`
--

CREATE TABLE `usuarios` (
  `id` int(11) NOT NULL,
  `nombre` text COLLATE utf8_spanish_ci NOT NULL,
  `usuario` text COLLATE utf8_spanish_ci NOT NULL,
  `password` text COLLATE utf8_spanish_ci NOT NULL,
  `perfil` text COLLATE utf8_spanish_ci NOT NULL,
  `foto` text COLLATE utf8_spanish_ci NOT NULL,
  `estado` int(11) NOT NULL,
  `ultimo_login` datetime NOT NULL,
  `fecha` timestamp NOT NULL DEFAULT current_timestamp() ON UPDATE current_timestamp()
) ENGINE=InnoDB DEFAULT CHARSET=utf8 COLLATE=utf8_spanish_ci;

--
-- Volcado de datos para la tabla `usuarios`
--

INSERT INTO `usuarios` (`id`, `nombre`, `usuario`, `password`, `perfil`, `foto`, `estado`, `ultimo_login`, `fecha`) VALUES
(10, 'admin', 'admin', '20EAfcH0JSFQY', 'Administrador', 'vistas/img/usuarios/admin/587.jpg', 1, '2020-08-01 19:55:47', '2020-08-02 00:55:47'),
(18, 'angel', 'angel', '20EAfcH0JSFQY', 'Vendedor', 'vistas/img/usuarios/angel/970.png', 1, '2020-07-18 23:43:05', '2020-08-02 00:35:06'),
(19, 'ricardo', 'richard15', '21OZ4/WxREgV.', 'Vendedor', 'vistas/img/usuarios/richard15/838.jpg', 1, '2020-08-01 19:53:47', '2020-08-02 00:53:47');

--
-- Índices para tablas volcadas
--

--
-- Indices de la tabla `categorias`
--
ALTER TABLE `categorias`
  ADD PRIMARY KEY (`id`);

--
-- Indices de la tabla `productos`
--
ALTER TABLE `productos`
  ADD PRIMARY KEY (`id`);

--
-- Indices de la tabla `usuarios`
--
ALTER TABLE `usuarios`
  ADD PRIMARY KEY (`id`);

--
-- AUTO_INCREMENT de las tablas volcadas
--

--
-- AUTO_INCREMENT de la tabla `categorias`
--
ALTER TABLE `categorias`
  MODIFY `id` int(11) NOT NULL AUTO_INCREMENT, AUTO_INCREMENT=8;

--
-- AUTO_INCREMENT de la tabla `productos`
--
ALTER TABLE `productos`
  MODIFY `id` int(11) NOT NULL AUTO_INCREMENT, AUTO_INCREMENT=61;

--
-- AUTO_INCREMENT de la tabla `usuarios`
--
ALTER TABLE `usuarios`
  MODIFY `id` int(11) NOT NULL AUTO_INCREMENT, AUTO_INCREMENT=20;
COMMIT;

/*!40101 SET CHARACTER_SET_CLIENT=@OLD_CHARACTER_SET_CLIENT */;
/*!40101 SET CHARACTER_SET_RESULTS=@OLD_CHARACTER_SET_RESULTS */;
/*!40101 SET COLLATION_CONNECTION=@OLD_COLLATION_CONNECTION */;
